{
    "answers": {
        "request1": {
            "result": true,
            "relevance": {
                "docid0": 2,
                "rank0": 1.0,
                "docid1": 0,
                "rank1": 0.800000011920929,
                "docid2": 1,
                "rank2": 0.20000000298023224
            }
        },
        "request2": {
            "result": true,
            "relevance": {
                "docid0": 2,
                "rank0": 1.0,
                "docid1": 0,
                "rank1": 0.4000000059604645,
                "docid2": 1,
                "rank2": 0.4000000059604645
            }
        },
        "request3": {
            "result": true,
            "docid": 3,
            "rank": 1.0
        }
    }
}